Código	Foto Evento	Evento	QR-code Fotos	Link Fotos	Promoção	Local	Endereço	Cidade	Estado	Data de Início	Data de Término	Ano	Responsável	Tipo de Apresentação	Tipo de Exposição	Link  1 de Reportagem	Link 2 de Reportagem	Total	Comunidade	Ensino Básico Público	Ensino Básico Privado	Ensino Superior Público	Ensino Superior Privado	Total	Comunidade	Ensino Básico Público	Ensino Básico Privado	Ensino Superior Público	Ensino Superior Privado
E000		XIII Semana da Matemática		https://photos.app.goo.gl/ev9RYZ9Vvh5dgW6Z9	DMA-UEM	Universidade Estadual de Maringá, Departamento de Matemática	Avenida Colombo, 5.790, Jardim Universitário	Maringá	Paraná	27/08/2001	31/08/2001	2001	Armando Caputi	Exposição	Semana da Matemática - UEM	xxxx	xxxx	200	0	0	0	200	0						
E001		I Educação com Ciência		https://photos.app.goo.gl/reNfvCCQVx44orir5	SEED - PR	Parque de Exposições Francisco Feio Ribeiro	Avenida Colombo, 2.186, Vila Morangueira	Maringá	Paraná	38642	38646	2005	João Roberto Gerônimo	Exposição	Comunidade Externa	xxxx	xxxx	4020	0	4000	0	20	0	0					
E002		Matemativa na Usina de Conhecimento			DMA - UEM	Centro de Excelência em Atendimento à Comunidade (antiga Usina do Conhecimento)	Avenida Itororó, Zona 4	Maringá	Paraná	24/10/05	01/11/05	2005	Armando Caputi	Exposição	Comunidade Externa														
E003		Curso de Verão 2006 - UEM			DMA - UEM	Universidade Estadual de Maringá, Departamento de Matemática	Avenida Colombo, 5.790, Jardim Universitário	Maringá	Paraná	16/01/06	20/01/06	2006	João Roberto Gerônimo	Minicurso	Eventos Acadêmicos														
E004		II Educação Com Ciência			SEED - PR	Parque de Exposições Francisco Feio Ribeiro	Avenida Colombo, 2.186, Vila Morangueira	Maringá	Paraná	29/05/06	02/06/06	2006	João Roberto Gerônimo	Oficina	Comunidade Externa														
E005		IV Fórum de Extensão - UEM			PEC - UEM	Universidade Estadual de Maringá, Museu Dinâmico Interdisciplinar, Bloco O33	Avenida Colombo, 5.790, Jardim Universitário	Maringá	Paraná	07/08/06	08/08/06	2006	João Roberto Gerônimo	Comunicação	Apresentação de Trabalho														
E006		XXIV SEURS			FURG - RS	Fundação Universidade do Rio Grande	Rua Luiz Lorea, 261	Rio Grande	Rio Grande do Sul	18/08/06	20/08/06	2006	João Roberto Gerônimo	Comunicação	Apresentação de Trabalho														
E007		Bienal da SBM			UFG - GO	Universidade Federal de Goiás - Câmpus Samambaia	Avenida Esperança, SN, Chácaras de Recreio Samambaia	Goiânia	Goiás	07/11/06	10/11/06	2006	João Roberto Gerônimo	Exposição	Eventos Acadêmicos														
E008		Bienal da SBM			UFG - GO	Universidade Federal de Goiás - Câmpus Samambaia	Avenida Esperança, SN, Chácaras de Recreio Samambaia	Goiânia	Goiás	07/11/06	10/11/06	2006	João Roberto Gerônimo	Oficina	Oficinas, Minicursos e Gincanas														
E009		Semana da Matemática - UEM			DMA - UEM	Universidade Estadual de Maringá, Departamento de Matemática	Avenida Colombo, 5.790, Jardim Universitário	Maringá	Paraná	27/11/06	01/12/06	2006	João Roberto Gerônimo	Exposição	Semana da Matemática - UEM														
E010		Obmep - UEM			DMA - UEM	Universidade Estadual de Maringá, Departamento de Matemática	Avenida Colombo, 5.790, Jardim Universitário	Maringá	Paraná	02/12/06	02/12/06	2006	João Roberto Gerônimo	Exposição	Eventos Acadêmicos														
E011		Matemativa no Corredor - DMA - UEM			DMA - UEM	Universidade Estadual de Maringá, Departamento de Matemática	Avenida Colombo, 5.790, Jardim Universitário	Maringá	Paraná	27/06/07	27/06/07	2007	João Roberto Gerônimo	Exposição	Mostra de Objetos														
E012		XI ERMAC			UFPR - Curitiba	Departamento de Matemática, UFPR, Centro Politécnico, 3º andar,  Edifício da Administração	Rua Coronel Francisco Heráclito dos Santos, 100, Jardim das Américas	Curitiba	Paraná	07/08/07	07/08/07	2007	João Roberto Gerônimo	Comunicação	Apresentação de Trabalho														
E013		Semana da Matemática - UEM			DMA - uEM	Universidade Estadual de Maringá, Departamento de Matemática	Avenida Colombo, 5.790, Jardim Universitário	Maringá	Paraná	17/09/07	20/09/07	2007	João Roberto Gerônimo	Oficina	Semana da Matemática - UEM														
E014		EAIC E Educação Com Ciência			PPG - UEM	Universidade Estadual de Maringá, Biblioteca Central, Bloco P03	Avenida Colombo, 5.790, Jardim Universitário	Maringá	Paraná	28/09/07	28/09/07	2007	João Roberto Gerônimo	Exposição	Eventos Acadêmicos														
E015		Curso de Extensão - Simetrias no Plano - PDE			DMA-UEM	Universidade Estadual de Maringá, Departamento de Matemática	Avenida Colombo, 5.790, Jardim Universitário	Maringá	Paraná	19/11/07	20/11/07	2007	João Roberto Gerônimo	Oficina	Oficinas, Minicursos e Gincanas														
E016		III Educação Com Ciência			SEED - PR	Parque de Exposições Francisco Feio Ribeiro	Avenida Colombo, 2.186, Vila Morangueira	Maringá	Paraná	21/11/07	23/11/07	2007	João Roberto Gerônimo	Exposição	Comunidade Externa														
E017		Evento de Extensão - Matemática em Exposição			USF - SETI - PR	Escola Estadual Rui Barbosa Ensino de 1º Grau	Rua Doutor Clementino Schiavon Puppi, 602	Jandaia do Sul	Paraná	29/02/08	29/02/08	2008	João Roberto Gerônimo	Exposição	Escolas														
E018		UEM NOS BAIRROS			PEC - UEM	Praça Pública	Rua Roberto Domingos Martins, Jardim Cruzeiro	Umuarama	Paraná	17/05/08	17/05/08	2008	João Roberto Gerônimo	Exposição															
E019		XIV Encontro Regional de Estudantes de Matemática do Sul			DMA - UEM	Universidade Estadual de Maringá, Departamento de Matemática	Avenida Colombo, 5.790, Jardim Universitário	Maringá	Paraná	22/05/08	23/05/08	2008	João Roberto Gerônimo	Exposição															
E020		XIV Encontro Regional de Estudantes de Matemática do Sul			DMA - UEM	Universidade Estadual de Maringá, Departamento de Matemática	Avenida Colombo, 5.790, Jardim Universitário	Maringá	Paraná	22/05/08	23/05/08	2008	João Roberto Gerônimo	Oficina															
E021		Exposição Matemativa			UNESP - SJRP	Centro Integrado de Ciência e Cultura	Avenida João Batista Vetorazzo, 500, Distrito Industrial	São José do Rio Preto	São Paulo	01/06/08	30/08/08	2008	João Roberto Gerônimo	Comissão de Apoio															
E022		Treinamento para a IV Bienal da SBM			SBM	Universidade Estadual de Maringá, Departamento de Matemática	Avenida Colombo, 5.790, Jardim Universitário	Maringá	Paraná	01/08/08	28/09/08	2008	João Roberto Gerônimo	Minicurso															
E023		VI Fórum de Extensão			PEC - UEM	Universidade Estadual de Maringá, Estacionamento da Biblioteca Central, Bloco P03	Avenida Colombo, 5.790, Jardim Universitário	Maringá	Paraná	21/08/08	21/08/08	2008	Kleber Luciano Niro	Pôster															
E024		Bienal da SBM			SBM	Universidade Estadual de Maringá, Biblioteca Central, Bloco P03	Avenida Colombo, 5.790, Jardim Universitário	Maringá	Paraná	29/09/08	03/10/08	2008	João Roberto Gerônimo	Exposição															
E025		Feira de Ciências - Matemáquinas			Colégio Universitário	Colégio Universitário Maringá	Avenida Prudente de Morais, 735, Novo Centro	Maringá	Paraná	10/10/08	10/10/08	2008	Kleber Luciano Niro	Comissão de Apoio															
E026		Semana Acadêmica			UTFPR - Pato Branco	UTFPR - Campus de Pato Branco	Rodovia Via do Conhecimento, km1, Bairro Fraron	Pato Branco	Paraná	03/11/08	07/11/08	2008	João Roberto Gerônimo	Exposição															
E027		Semana Acadêmica			UTFPR - Pato Branco	UTFPR - Campus de Pato Branco	Rodovia Via do Conhecimento, km1, Bairro Fraron	Pato Branco	Paraná	03/11/08	07/11/08	2008	João Roberto Gerônimo	Oficina															
E028		Jornada Científica			DMA - UEM	Universidade Estadual de Maringá, Departamento de Matemática	Avenida Colombo, 5.790, Jardim Universitário	Maringá	Paraná	14/11/08	14/11/08	2008	Kleber Luciano Niro	Comunicação															
E029		Semana da Matemática - UEM			DMA - UEM	Universidade Estadual de Maringá, Departamento de Matemática	Avenida Colombo, 5.790, Jardim Universitário	Maringá	Paraná	01/09/09	12/09/09	2009	João Roberto Gerônimo	Minicurso															
E030		UEM NOS BAIRROS			PEC - UEM	Praça dos Pioneiros	Rua Getúlio Vargas, Jardim Ouro Branco	Paranavaí	Paraná	04/10/09	04/10/09	2009	João Roberto Gerônimo	Exposição															
E031		Semana da Matemática - UEM			DMA - UEM	Universidade Estadual de Maringá, Departamento de Matemática	Avenida Colombo, 5.790, Jardim Universitário	Maringá	Paraná	13/10/09	16/10/09	2009	João Roberto Gerônimo	Exposição															
E032		Semana de Ciências e Matemática			UNESPAR - Campus de Paranavaí	UNESPAR - Campus de Paranavaí	 Avenida Gabriel Esperidião, SN	Paranavaí	Paraná	22/10/09	23/10/09	2009	João Roberto Gerônimo	Exposição															
E033		UEM NOS BAIRROS			PEC - UEM	Praça Valdemar Alves Nogueira	Avenida Dr. Gastão Vidigal, 668-790	Jussara	Paraná	06/12/09	06/12/09	2009	João Roberto Gerônimo	Exposição															
E034		Semana de Integração do CCE - UEM			CCE - UEM	Universidade Estadual de Maringá, Departamento de Matemática	Avenida Colombo, 5.790, Jardim Universitário	Maringá	Paraná	25/02/10	26/02/10	2010	João Roberto Gerônimo	Exposição															
E035		Mostra de Profissões - UEM			PEN - UEM	Universidade Estadual de Maringá, Estacionamento da Biblioteca Central, Bloco P03	Avenida Colombo, 5.790, Jardim Universitário	Maringá	Paraná	30/03/10	30/03/10	2010	João Roberto Gerônimo	Mostra de Objetos															
E036		Evento de Extensão - MUDI			MUDI - UEM	Universidade Estadual de Maringá, Museu Dinâmico Interdisciplinar, Bloco O33	Avenida Colombo, 5.790, Jardim Universitário	Maringá	Paraná	15/05/10	15/05/10	2010	João Roberto Gerônimo	Minicurso															
E037		UEM NOS BAIRROS			PEC - UEM	Universidade Estadual de Maringá, Estacionamento da UEM, Bloco 002	Avenida Colombo, 5.790, Jardim Universitário	Maringá	Paraná	23/05/10	23/05/10	2010	João Roberto Gerônimo	Exposição															
E038		UEM NOS BAIRROS			PEC - UEM	Praça Central	Praça Central	Umuarama	Paraná	27/06/10	27/06/10	2010	Júlio César Coelho	Exposição															
E039		Semana da Matemática - UEL			UEL	Universidade Estadual de Londrina, Departamento de Matemática	Rodovia Celso Garcia Cid, PR 445, Km 380, Campus Universitário	Londrina	Paraná	13/09/10	14/09/10	2010	João Roberto Gerônimo	Exposição															
E040		Semana da Matemática - UEM			DMA - UEM	Universidade Estadual de Maringá, Departamento de Matemática	Avenida Colombo, 5.790, Jardim Universitário	Maringá	Paraná	15/09/10	17/09/10	2010	João Roberto Gerônimo	Exposição															
E041		Semana da Matemática			UNESPAR - Campus de Paranavaí	UNESPAR - Campus de Paranavaí	Avenida Gabriel Esperidião, SN	Paranavaí	Paraná	19/11/10	19/11/10	2010	João Roberto Gerônimo	Exposição															
E042		Mostra de Profissões - UEM			PEN - UEM	Universidade Estadual de Maringá, Estacionamento da Biblioteca Central, Bloco P03	Avenida Colombo, 5.790, Jardim Universitário	Maringá	Paraná	06/04/11	07/04/11	2011	João Roberto Gerônimo	Mostra de Objetos															
E043		UEM NA REGIÃO			PEC - UEM	Centro de Formação “João XXIII”	Rua João Paulo XXIII, SN	Cidade Gaúcha	Paraná	30/06/11	01/07/11	2011	João Roberto Gerônimo	Exposição															
E044		Semana de Formação Continuada			DCI - UEM	Universidade Estadual de Maringá, Câmpus Regional de Goioerê	 Rua Reitor Zeferino Vaz, SN, Jardim Universitário	Goioerê	Paraná	20/07/11	21/07/11	2011	João Roberto Gerônimo	Exposição															
E045		IX Fórum de Extensão			PEC - UEM	Universidade Estadual de Maringá, Departamento de Matemática, Bloco B-33	Avenida Colombo, 5.790, Jardim Universitário	Maringá	Paraná	10/08/11	12/08/11	2011	João Henrique Lorin	Comunicação															
E046		IX Fórum de Extensão			PEC - UEM	Universidade Estadual de Maringá, Departamento de Matemática, Bloco B-33	Avenida Colombo, 5.790, Jardim Universitário	Maringá	Paraná	10/08/11	12/08/11	2011	Camila Hiromi Tamura	Pôster															
E047		IX Fórum de Extensão			PEC - UEM	Universidade Estadual de Maringá, Departamento de Matemática, Bloco B-33	Avenida Colombo, 5.790, Jardim Universitário	Maringá	Paraná	10/08/11	12/08/11	2011	Juniormar Organista	Pôster															
E048		I Encosmat			UFMS - PP	Centro Internacional de Convenções de Ponta Porã Miguel Gomes	Rua Baltazar Saldanha, SN, Jardim Ipanema	Ponta Porã	Mato Grosso do Sul	24/08/11	26/08/11	2011	João Roberto Gerônimo	Exposição															
E049		UEM NA REGIÃO			PEC - UEM	Pavilhão do Parque do Povo	Rua João de Oliveira Dias	Goioerê	Paraná	22/09/11	23/09/11	2011	Júlio César Coelho	Exposição															
E050		Semana da Matemática - UEM			DMA - UEM	Universidade Estadual de Maringá, Departamento de Matemática	Avenida Colombo, 5.790, Jardim Universitário	Maringá	Paraná	26/09/11	30/09/11	2011	João Roberto Gerônimo	Exposição															
E051		Semana da Matemática - UEM			DMA - UEM	Universidade Estadual de Maringá, Departamento de Matemática	Avenida Colombo, 5.790, Jardim Universitário	Maringá	Paraná	26/09/11	30/09/11	2011	João Roberto Gerônimo	Minicurso															
E052		Semana da Matemática - UEM			DMA - UEM	Universidade Estadual de Maringá, Departamento de Matemática	Avenida Colombo, 5.790, Jardim Universitário	Maringá	Paraná	26/09/11	30/09/11	2011	João Roberto Gerônimo	Palestra															
E053		Mostra de Profissões - Cesumar			Rotary Club - Maringá - PR	UNICESUMAR	Avenida Guedner, 1610, Jardim Aclimação	Maringá	Paraná	30/09/11	30/09/11	2011	João Roberto Gerônimo	Mostra de Objetos															
E054		MUDI ITINERANTE			MUDI - UEM	Colégio Estadual Professor Benoil Francisco Marques Boska Ensino 1º e 2º Graus,	Rua Campo Grande, 46	Ourizona	Paraná	06/10/11	07/10/11	2011	Sérgio Marcussi Gaspechak	Exposição															
E055		XII Jornada Científica			DMA - UEM	Universidade Estadual de Maringá, Departamento de Matemática	Avenida Colombo, 5.790, Jardim Universitário	Maringá	Paraná	06/10/11	07/10/11	2011	Juniormar Organista	Comunicação															
E056		Programa Interciências			UFMS - TL	UFMS - TL	Rua Alexandre Costa, 1509, Interlagos	Três Lagoas	Mato Grosso do Sul	17/10/11	18/10/11	2011	João Roberto Gerônimo	Exposição															
E057		XX EAIC			UEPG - Ponta Grossa - PR	Universidade Estadual de Ponta Grossa	Avenida General Carlos Cavalcanti, Uvaranas	Ponta Grossa	Paraná	20/10/11	22/10/11	2011	Juniormar Organista	Comunicação															
E058		UEM NA REGIÃO			PEC - UEM	Colégio Estadual Barbosa Ferraz	Rua Rio Grande do Sul, 1200	Ivaiporã	Paraná	26/10/11	27/10/11	2011	Cláudia Juliana Fanelli Gonçalves  e Maciel de Araújo Carlos	Exposição															
E059		Programa Interciências			UFMS - TL	Universidade Federal do Mato Grosso do Sul, Campus Três Lagoas	 Avenida Capitão Olinto Mancini, 1662	Três Lagoas	Mato Grosso do Sul	27/01/12	29/01/12	2012	João Roberto Gerônimo	Oficina															
E060		III Semana de Integração - CCE			CCE - UEM	Universidade Estadual de Maringá, Departamento de Matemática	Avenida Colombo, 5.790, Jardim Universitário	Maringá	Paraná	01/02/12	03/02/12	2012	João Roberto Gerônimo	Exposição															
E061		Mostra de Profissões - UEM			PEN - UEM	Universidade Estadual de Maringá, Estacionamento da Biblioteca Central, Bloco P03	Avenida Colombo, 5.790, Jardim Universitário	Maringá	Paraná	01/02/12	12/04/12	2012	João Roberto Gerônimo	Mostra de Objetos															
E062		I Semana Acadêmica da Matemática			UTFPR - Cornélio Procópio	Universidade Tecnológica Federal do Paraná, Campus Cornélio Procópio,	Avenida Alberto Carazzai, 1640,  Centro	Cornélio Procópio	Paraná	08/05/12	11/05/12	2012	João Roberto Gerônimo	Exposição															
E063		MUDI ITINERANTE			MUDI - UEM	Biblioteca Cidadã Professor Deosdeth Carlos de Souza	Rua General Osório, Centro	Santa Inês	Paraná	17/05/12	18/05/12	2012	Maciel de Araújo Carlos	Mostra de Objetos															
E064		Paraná em Ação			MUDI - UEM	Praça Pública	Avenida Curitiba, Centro	Apucarana	Paraná	01/06/12	03/06/12	2012	Claudia Juliana Fanelli Rodriques	Mostra de Objetos															
E065		Justiça nos Bairros			PEC - UEM	Colégio Estadual Olavo Bilac	Rua Jaçanã, 587, Centro	Sarandi	Paraná	02/06/12	02/06/12	2012	Júlio César e Saulo Rodrigo	Mostra de Objetos															
E066		Paraná em Ação			MUDI - UEM	Praça Pública	Praça Leopoldo Mercer	Tibagi	Paraná	22/06/12	24/06/12	2012	Kleber Luciano Niro	Mostra de Objetos															
E067		Paraná em ação			MUDI - UEM	Praça Pública	Praça São Cristóvão	Quedas do Iguaçu	Paraná	20/07/12	22/07/12	2012	Sérgio Marcussi Gaspechak	Mostra de Objetos															
E068		I Encontro do IGI - Maringá			DMA - UEM	Universidade Estadual de Maringá, Departamento de Matemática	Avenida Colombo, 5.790, Jardim Universitário	Maringá	Paraná	26/07/12	26/07/12	2012	Talita Druziani Marchiori, Bruna Lovato de Carvalho e Jéssica Buzatto Prudencio	Comunicação															
E069		I Encontro do IGI - Maringá			DMA - UEM	Universidade Estadual de Maringá, Departamento de Matemática	Avenida Colombo, 5.790, Jardim Universitário	Maringá	Paraná	26/07/12	26/07/12	2012	Juniormar Organista, Camila Hiromi Tamura e Jusley Talita Grimes de Souza	Comunicação															
E070		I Encontro do IGI - Maringá			DMA - UEM	Universidade Estadual de Maringá, Departamento de Matemática	Avenida Colombo, 5.790, Jardim Universitário	Maringá	Paraná	26/07/12	26/07/12	2012	João Roberto Gerônimo	Comunicação															
E071		X Fórum de Extensão da UEM			PEC - UEM	Universidade Estadual de Maringá, Departamento de Matemática, Bloco B-33	Avenida Colombo, 5.790, Jardim Universitário	Maringá	Paraná	01/08/12	03/08/12	2012	Talita Druziani Marchiori	Pôster															
E072		X Fórum de Extensão da UEM			PEC - UEM	Universidade Estadual de Maringá, Departamento de Matemática, Bloco B-33	Avenida Colombo, 5.790, Jardim Universitário	Maringá	Paraná	01/08/12	03/08/12	2012	Iara Cristina Fragal e Mariane Vieira Merim	Pôster															
E073		X Fórum de Extensão da UEM			PEC - UEM	Universidade Estadual de Maringá, Departamento de Matemática, Bloco B-33	Avenida Colombo, 5.790, Jardim Universitário	Maringá	Paraná	01/08/12	03/08/12	2012	Bruna Lovato de Carvalho, Camila Hiromi Tamura e Jusley Talita Grimes de Souza	Pôster															
E074		X Fórum de Extensão da UEM			PEC - UEM	Universidade Estadual de Maringá, Departamento de Matemática, Bloco B-33	Avenida Colombo, 5.790, Jardim Universitário	Maringá	Paraná	01/08/12	03/08/12	2012	Bruno Eduardo Tortola Milan, Édila Camila de Oliveira, André Bisca Ferreira, Leonardo dos Santos Lara e Lucas Lara	Pôster															
E075		X Fórum de Extensão da UEM			PEC - UEM	Universidade Estadual de Maringá, Departamento de Matemática, Bloco B-33	Avenida Colombo, 5.790, Jardim Universitário	Maringá	Paraná	01/08/12	03/08/12	2012	Lucas Belluci Medalha e Monigleicia Alcade Orioli	Pôster															
E076		Paraná em ação			MUDI - UEM	Praça Pública	Praça Vereador Horácio Jose Ribeiro, SN, Centro	Ubiratã	Paraná	10/08/12	12/08/12	2012	Saulo Rodrigo Medrado	Mostra de Objetos															
E077		MUDI ITINERANTE			MUDI - UEM	Praça Pública	Praça Central	Querência do Norte	Paraná	23/08/12	24/08/12	2012	Júlio César Coelho e Maciel de Araújo Carlos	Mostra de Objetos															
E078		I Mostra Cultural e Científica			DMA - UEM	Colégio Estadual James Patrick Clarck Ensino Fundamental e Médio	Rua Barão do Rio Branco, 908	Terra Rica	Paraná	03/09/12	06/09/12	2012	Edeilson de Moraes Couto	Mostra de Objetos															
E079		Semana da Matemática - UEM			DMA - UEM	Universidade Estadual de Maringá, Departamento de Matemática	Avenida Colombo, 5.790, Jardim Universitário	Maringá	Paraná	24/09/12	28/09/12	2012	João Roberto Gerônimo	Exposição															
E080		Semana da Matemática - UEM			DMA - UEM	Universidade Estadual de Maringá, Departamento de Matemática	Avenida Colombo, 5.790, Jardim Universitário	Maringá	Paraná	24/09/12	28/09/12	2012	Saulo Rodrigo Medrado e Cláudia Juliana Fanelli Gonçalves 	Palestra															
E081		Semana da Matemática - UEM			DMA - UEM	Universidade Estadual de Maringá, Departamento de Matemática	Avenida Colombo, 5.790, Jardim Universitário	Maringá	Paraná	24/09/12	28/09/12	2012	Sérgio Marcussi Gaspechak e Kleber Luciano Niro	Palestra															
E082		Semana da Matemática - UEM			DMA - UEM	Universidade Estadual de Maringá, Departamento de Matemática	Avenida Colombo, 5.790, Jardim Universitário	Maringá	Paraná	24/09/12	28/09/12	2012	Maciel de Araújo Carlos	Oficina															
E083		Semana da Matemática - UEM			DMA - UEM	Universidade Estadual de Maringá, Departamento de Matemática	Avenida Colombo, 5.790, Jardim Universitário	Maringá	Paraná	24/09/12	28/09/12	2012	Cláudia Juliana Fanelli Gonçalves  e Júlio César Coelho	Minicurso															
E084		Semana da Matemática - UEM			DMA - UEM	Universidade Estadual de Maringá, Departamento de Matemática	Avenida Colombo, 5.790, Jardim Universitário	Maringá	Paraná	24/09/12	28/09/12	2012	PET-Matemática-UEM	Minicurso															
E085		Jornada Científica			DMA - UEM	Universidade Estadual de Maringá, Departamento de Matemática	Avenida Colombo, 5.790, Jardim Universitário	Maringá	Paraná	04/10/12	05/10/12	2012	Talita Druziani Marchiori	Comunicação															
E086		Matemática em Exposição			PIBID - DMA - UEM	Colégio Estadual Rui Barbosa Ensino de 1º e 2º Graus	Rua Pioneiro Manoel Frigo	Distrito de Iguatemi, Maringá	Paraná	07/10/12	07/10/12	2012	João Roberto Gerônimo	Exposição															
E087		XXI EAIC			PPG - UEM	Universidade Estadual de Maringá, Estacionamento do Restaurante Universitário	Avenida Colombo, 5.790, Jardim Universitário	Maringá	Paraná	09/10/12	11/10/12	2012	João Roberto Gerônimo	Exposição															
E088		XXI EAIC			PPG - UEM	Universidade Estadual de Maringá	Avenida Colombo, 5.790, Jardim Universitário	Maringá	Paraná	09/10/12	11/10/12	2012	Talita Druziani Marchiori	Comunicação															
E089		Matemática em Exposição			PIBID - DMA - UEM	Universidade Estadual de Maringá, Centro de Aplicação Pedagógica - CAP	Avenida Colombo, 5.790, Jardim Universitário	Maringá	Paraná	22/10/12	23/10/12	2012	João Roberto Gerônimo	Exposição															
E090		Mostra de Profissões			Rotary Club - Maringá - PR	UNICESUMAR	Avenida Guedner, 1610, Jardim Aclimação	Maringá	Paraná	26/10/12	26/10/12	2012	PET-Matemática-UEM	Mostra de Objetos															
E091		Feira de Matemática			UFMS - TL	Escola Estadual Fernando Corrêa	Rua João Carrato, 1560	Três Lagoas	Mato Grosso do Sul	29/10/12	30/10/12	2012	João Roberto Gerônimo	Exposição															
E092		FICIÊNCIAS 2012			MUDI - UEM	Usina Hidrelétrica Itaipu	Avenida Tancredo Neves, SN, Jardim Itaipu	Foz do Iguaçu	Paraná	06/11/12	10/11/12	2012	Júlio César Coelho	Exposição															
E093		Exposição de Matemática			Colégio Dom Bosco	Colégio Dom Bosco	Rua Assaí, 529, Chácara Assaí	Maringá	Paraná	29/11/12	29/11/12	2012	Renata Barros	Mostra de Objetos															
E094		IV Semana de Integração - CCE			CCE - UEM	Universidade Estadual de Maringá, Departamento de Matemática	Avenida Colombo, 5.790, Jardim Universitário	Maringá	Paraná	29/01/13	29/01/13	2013	PET-Matemática-UEM	Mostra de Objetos															
E095		Treinamento de Monitores para o MUDI 2013			MUDI - UEM	Universidade Estadual de Maringá, Museu Dinâmico Interdisciplinar, Bloco O33	Avenida Colombo, 5.790, Jardim Universitário	Maringá	Paraná	23/02/13	09/03/13	2013	Júlio César Coelho	Minicurso															
E096		Mostra de Profissões			PEN - UEM	Universidade Estadual de Maringá, Estacionamento da Biblioteca Central, Bloco P03	Avenida Colombo, 5.790, Jardim Universitário	Maringá	Paraná	10/04/13	11/04/13	2013	PET-Matemática-UEM	Mostra de Objetos															
E097		UEM NA REGIÃO			PEC - UEM	Anfiteatro Vânia Maria Simão	Rua Presidente Castelo Branco, SN	Atalaia	Paraná	23/05/13	24/05/13	2013	Júlio César Coelho e Maciel de Araújo Carlos	Exposição															
E098		Colégio Adventista de Maringá			MUDI - UEM	Colégio Adventista de Maringá	Rua Luiz Gama, 818, Zona 04	Maringá	Paraná	03/07/13	03/07/13	2013	Júlio César Coelho	Exposição															
E099		III Encontro Hotel de Hilbert - OBMEP			IMPA	Hotel Bucsky	Rua Ponte da Saudade	Nova Friburgo	Rio de Janeiro	01/08/13	05/08/13	2013	João Roberto Gerônimo	Exposição															
E100		Sebastião - Caderno de Extensão			PEC - UEM	Universidade Estadual de Maringá, Pró-Reitoria de Extensão e Cultura, Diretoria de Extensão, Bloco A-34	Avenida Colombo, 5.790, Jardim Universitário	Maringá	Paraná	01/08/13	01/08/13	2013	João Roberto Gerônimo	Publicação															
E101		XXIV Semana da Matemática			DMA - UEM	Universidade Estadual de Maringá, Departamento de Matemática	Avenida Colombo, 5.790, Jardim Universitário	Maringá	Paraná	06/08/13	08/08/13	2013	Cláudia Juliana Fanelli Gonçalves  e Maciel de Araújo Carlos	Minicurso															
E102		XI Fórum de Extensão da UEM			PEC - UEM	Universidade Estadual de Maringá, Bloco B-33	Avenida Colombo, 5.790, Jardim Universitário	Maringá	Paraná	07/08/13	09/08/13	2013	André Bisca Ferreira, Deivid Flávio, Iara Fragal, Jair Guilherme Certório, Leonardo dos Santos Lara, Lucas Lara e Mariane Merim	Pôster															
E103		XI Fórum de Extensão da UEM			PEC - UEM	Universidade Estadual de Maringá, Bloco B-33	Avenida Colombo, 5.790, Jardim Universitário	Maringá	Paraná	07/08/13	09/08/13	2013	Evandro Mathias Friedrichsen	Pôster															
E104		XI Fórum de Extensão da UEM			PEC - UEM	Universidade Estadual de Maringá, Bloco B-33	Avenida Colombo, 5.790, Jardim Universitário	Maringá	Paraná	07/08/13	09/08/13	2013	Lucas Belluci Medalha, Cleber Peres Rodrigues e Arthur Duarte Feitosa	Pôster															
E105		XXIV Semana da Matemática			DMA - UEM	Universidade Estadual de Maringá, Departamento de Matemática, Bloco B-33	Avenida Colombo, 5.790, Jardim Universitário	Maringá	Paraná	08/08/13	08/08/13	2013	PET-Matemática-UEM	Gincana															
E106		PET nas Escolas			UNIPET - UEM	Colégio Estadual Independência	Rua Duque de Caxias, 1410, Jardim Independencia	Maringá	Paraná	29/08/13	29/08/13	2013	PET-Matemática-UEM	Gincana															
E107		II Semana Acadêmica			DMA - UEM	Faculdade Estadual de Ciências Econômicas de Apucarana	Avenida Minas Gerais, 5021, Núcleo Habitacional Adriano Correia	Apucarana	Paraná	06/08/13	07/08/13	2013	Cláudia Juliana Fanelli Gonçalves 	Exposição															
E108		II Semana Acadêmica			DMA - UEM	Faculdade Estadual de Ciências Econômicas de Apucarana	Avenida Minas Gerais, 5021, Núcleo Habitacional Adriano Correia	Apucarana	Paraná	07/08/13	07/08/13	2013	João Roberto Gerônimo	Mesa Redonda															
E109		I Ciclo de Palestras em Educação Matemática 2012/2013			DMA - UEM	Universidade Estadual de Maringá, Departamento de Matemática	Avenida Colombo, 5.790, Jardim Universitário	Maringá	Paraná	25/09/13	25/09/13	2013	João Roberto Gerônimo	Palestra															
E110		MUDI ITINERANTE			MUDI - UEM	Escola Estadual Peri Martins	Avenida Presidente Prudente, 129, Jardim Santa Maria	Bataguassu	Mato Grosso do Sul	26/09/13	27/09/13	2013	Maciel de Araújo Carlos	Mostra de Objetos															
E111		Matemática em Exposição			DMA - UEM	Universidade Estadual de Maringá, Departamento de Matemática	Avenida Colombo, 5.790, Jardim Universitário	Maringá	Paraná	01/10/13	01/10/13	2013	Cláudia Juliana Fanelli Gonçalves  e Maciel de Araújo Carlos	Minicurso															
E112		Matemática em Exposição			PIBID - DMA - UEM	Universidade Estadual de Maringá, Centro de Aplicação Pedagógica - CAP	Avenida Colombo, 5.790, Jardim Universitário	Maringá	Paraná	09/10/13	10/10/13	2013	Cláudia Juliana Fanelli Gonçalves  e Júlio César Coelho	Exposição															
E113		Matemática em Exposição			DMA - UEM	Colégio SESI/SENAI	Travessa Um, 63, Zona 5, Armazéns	Cianorte	Paraná	17/10/13	18/10/13	2013	João Roberto Gerônimo e Júlio César Coelho	Exposição															
E114		VIII Simpósio de Matemática			DMA - UEM	Universidade Estadual Paulista Júlio de Mesquita Filho, Campus Presidente Prudente	Rua Roberto Simonsen, 305, Centro	Presidente Prudente	São Paulo	21/10/13	22/10/13	2013	João Roberto Gerônimo e Júlio César Coelho	Exposição															
E115		EAIC Júnior			PPG - UEM	Universidade Estadual de Maringá, Departamento de Matemática	Avenida Colombo, 5.790, Jardim Universitário	Maringá	Paraná	18/11/13	19/11/13	2013	Etienne Henrique Brasão Martins, Virginia de Oliveira Passos, Leonardo Deganello de Souza e João Pedro Braido do Nascimento	Comunicação															
E116		EAIC Júnior			PPG - UEM	Universidade Estadual de Maringá, Departamento de Matemática	Avenida Colombo, 5.790, Jardim Universitário	Maringá	Paraná	18/11/13	19/11/13	2013	Ana Claudia Piekarski, Gustavo Tadao Iamada e Tauanna Pereira Lins	Comunicação															
E117		FICIÊNCIAS 2013			MUDI - UEM	Usina Hidrelétrica Itaipu	Avenida Tancredo Neves, SN, Jardim Itaipu	Foz do Iguaçu	Paraná	19/11/13	23/11/13	2013	Maciel de Araújo Carlos	Mostra de Objetos															
E118		Curso de Verão 2014 - UEM			PMA - UEM	Universidade Estadual de Maringá, Departamento de Matemática	Avenida Colombo, 5.790, Jardim Universitário	Maringá	Paraná	06/01/14	06/01/14	2014	João Roberto Gerônimo	Exposição															
E119		Matemativa - Cônicas			DMA - UEM	Universidade Estadual de Maringá, Departamento de Matemática	Avenida Colombo, 5.790, Jardim Universitário	Maringá	Paraná	10/05/14	10/05/14	2014	João Paulo Costalonga	Exposição															
E120		12º. Fórum de Extensão			PEC - UEM	Universidade Estadual de Maringá, Departamento de Matemática, Bloco B-33	Avenida Colombo, 5.790, Jardim Universitário	Maringá	Paraná	04/06/14	06/06/14	2014	Lucas 	Pôster															
E121		12º. Fórum de Extensão			PEC - UEM	Universidade Estadual de Maringá, Departamento de Matemática, Bloco B-33	Avenida Colombo, 5.790, Jardim Universitário	Maringá	Paraná	04/06/14	06/06/14	2014	Iara Cristina Fragal	Pôster															
E122		12º. Fórum de Extensão			PEC - UEM	Universidade Estadual de Maringá, Departamento de Matemática, Bloco B-33	Avenida Colombo, 5.790, Jardim Universitário	Maringá	Paraná	04/06/14	06/06/14	2014	Lennon José Gazola dos Santos, Franciele Cristina Almeida e Ferdinanda Brito Martinez	Pôster															
E123		PET na Praça			UNIPET - UEM	Shopping Cidade Maringá	Avenida Tuiuti, 710, Zona 37	Maringá	Paraná	23/05/14	23/05/14	2014	PET-Matemática-UEM	Mostra de Objetos															
E124		Mostra de Profissões -UEM			PEN - UEM	Universidade Estadual de Maringá, Estacionamento da Biblioteca Central, Bloco P03	Avenida Colombo, 5.790, Jardim Universitário	Maringá	Paraná	06/08/14	07/08/14	2014	PET-Matemática-UEM	Mostra de Objetos															
E125		Comissão de Apoio ao Comitê Acadêmico			DMA - UEM	Instituto de Matemática Pura e Aplicada	Estrada Dona Castorina, 110, Jardim Botânico	Rio de Janeiro	Rio de Janeiro	02/07/14	05/11/15	2014	João Roberto Gerônimo	Comissão de Apoio															
E126		MUDI ITINERANTE			MUDI - UEM	Colégio Estadual Comendador Geremias Lunardelli	Avenida Brasil, 974	Grandes Rios	Paraná	27/08/14	29/08/14	2014	Júlio César Coelho	Mostra de Objetos															
E127		XII Encontro Paranaense de Educação Matemática			DMA - UEM	UNESPAR - Campo Mourão, Departamento de Matemática - Bloco D -  Sala 05	Avenida Comentador Norberto Marcondes, 733	Campo Mourão	Paraná	04/09/14	06/09/14	2014	Júlio César Coelho	Exposição															
E128		XXV Semana da Matemática			DMA - UEM	Universidade Estadual de Maringá, Departamento de Matemática	Avenida Colombo, 5.790, Jardim Universitário	Maringá	Paraná	15/09/14	19/09/14	2014	PET-Matemática-UEM	Exposição															
E129		MUDI ITINERANTE			MUDI - UEM	Escola Estadual Peri Martins	Avenida Presidente Prudente, 129, Jardim Santa Maria	Bataguassu	Mato Grosso do Sul	25/09/14	26/09/14	2014	Maciel de Araújo Carlos	Mostra de Objetos															
E130		MUDI ITINERANTE			MUDI - UEM	Colegio Estadual do Campo José Marti	Assentamento 8 de Abril	Jardim Alegre	Paraná	08/10/14	09/10/14	2014	Lucas Maurício Ruan	Mostra de Objetos															
E131		Matemática em Exposição			PIBID - DMA - UEM	Colégio Estadual Vital Brasil	Rua Marechal Deodoro, 865, Zona 07 	Maringá	Paraná	14/10/14	14/10/14	2014	PIBID-Matemática-UEM	Exposição															
E132		Matemática em Exposição			PIBID - DMA - UEM	Colégio Estadual Tomaz Edson de Andrade Vieira	Rua Das Tipuanas, 621, Zona 44	Maringá	Paraná	14/10/14	14/10/14	2014	PIBID-Matemática-UEM	Exposição															
E133		O Uso de Materiais e Atividades do LEM para o Ensino Profissionalizante			NRE - Maringá - PR	Instituto de Educação Estadual de Maringá	Rua Martim Afonso, 50, Zona 17	Maringá	Paraná	16/10/14	06/11/14	2014	João Roberto Gerônimo	Minicurso															
E134		PET nas Escolas			UNIPET - UEM	Colégio Estadual Jardim Independência	Rua Duque de Caxias , 1410 , Jardim Panorama	Sarandi	Paraná	16/10/14	16/10/14	2014	PET-Matemática-UEM	Gincana															
E135		Exposição de Matemática			DMA - UEM	Instituo Adventista do Paraná	Rua Gleba Paiçandu, 80	Ivatuba	Paraná	19/10/14	19/10/14	2014	Júlio César Coelho	Exposição															
E136		FICIÊNCIAS 2014			MUDI - UEM	Usina Hidrelétrica Itaipu	Avenida Tancredo Neves, SN, Jardim Itaipu	Foz do Iguaçu	Paraná	11/11/14	14/11/14	2014	Maciel de Araújo Carlos	Mostra de Objetos															
E137		XIII Semana da Matemática			DMA - UEM	UNESPAR - Campus de Paranavaí	Avenida Gabriel Esperidião, SN	Paranavaí	Paraná	17/11/14	21/11/14	2014	Júlio Cesar Coelho e Cláudia Juliana Fanelli Gonçalves 	Oficina															
E138		XIII Semana da Matemática			DMA - UEM	UNESPAR - Campus de Paranavaí	Avenida Gabriel Esperidião, SN	Paranavaí	Paraná	17/11/14	21/11/14	2014	Júlio Cesar Coelho e Cláudia Juliana Fanelli Gonçalves 	Exposição															
E139		Capítulo de Livro			INTERCIÊNCIAS	Universidade Federal do Mato Grosso do Sul, Campus Três Lagoas	Avenida Capitão Olinto Mancini, 1662	Três Lagoas	Mato Grosso do Sul	01/01/14	31/12/14	2014	Fernando Pereira de Souza e Ricardo Ribeiro dos Santos	Publicação															
E140		Exposição de Matemática			Colégio Bom Pastor	Colégio Bom Pastor	Rua Pioneiro Jacy Gama, 778, Jardim Santa Helena	Maringá	Paraná	26/11/14	26/11/14	2014	Jéssica Buzato Prudêncio	Mostra de Objetos															
E141		Curso de Verão 2015 - UEM			PMA - UEM	Universidade Estadual de Maringá, Departamento de Matemática	Avenida Colombo, 5.790, Jardim Universitário	Maringá	Paraná	12/02/15	12/02/15	2015	João Roberto Gerônimo	Exposição															
E142		Semana de Integração - UEM			PEN - UEM	Universidade Estadual de Maringá, Departamento de Matemática	Avenida Colombo, 5.790, Jardim Universitário	Maringá	Paraná	21/03/15	21/03/15	2015	João Roberto Gerônimo	Exposição															
E143		III Colóquio de Matemática da Região Sudeste			Departamento de Matemática - UFU	UFU - Câmpus de  Uberlândia	Avenida João Naves de Ávila, 2121, Bairro Santa Mônica	Uberlândia	Minas Gerais	13/04/15	17/04/15	2015	João Roberto Gerõnimo	Exposição															
E144		PET na Praça			UNIPET - UEM	Shopping Cidade Maringá	Avenida Tuiuti, 710, Zona 37	Maringá	Paraná	03/07/15	03/07/15	2015	PET-Matemática-UEM	Mostra de Objetos															
E145		Mostra de Objetos			Colégio Estadual “Duque de Caxias” – Ensino Fundamental e Médio	Colégio Estadual “Duque de Caxias” – Ensino Fundamental e Médio	Rua Mal. Mascarenhas de Moraes, 925, Jardim Alvorada	Maringá	Paraná	14/09/15	14/09/15	2015	César Postingel Ramos	Mostra de Objetos															
E146		X Simpósio de Matemática			DMA - UEM	Universidade Estadual Paulista Júlio de Mesquita Filho, Campus Presidente Prudente	Rua Roberto Simonsen, 305, Centro	Presidente Prudente	São Paulo	05/10/15	08/10/15	2015	3  monitores	Exposição															
E147		Oficina de Matemática para 6º 7º 8º e 9º Anos			Escola Estadual Ipiranga Ensino Fundamental	Escola Estadual Ipiranga Ensino Fundamental	Rua Campos Sales, 953, Zona 07	Maringá	Paraná	15/10/15	15/10/15	2015	10  monitores	Exposição															
E148		Mostra de Profissões - Rotary			Rotary Club - Maringá - PR	UNICESUMAR	Avenida Guedner, 1610, Jardim Aclimação	Maringá	Paraná	16/10/15	16/10/15	2015	Ivna Gurninski	Mostra de Objetos															
E149		Exposição			UFPR - Jandaia do Sul 	UFPR - Campus de Jandaia do Sul	Rua Doutor João Maximiano, 426, Vila Operária	Jandaia do Sul	Paraná	21/10/15	21/10/15	2015	8 monitores	Exposição															
E150		2ª Feira de Ciência, Tecnologia e Inovação de Pato Branco - Inventum 2015			UTF - Pato Branco - PR	Parque de Exposições	Rua Benjamin Borges dos Santos, 111, Bairro Fraron	Pato Branco	Paraná	03/11/15	07/11/15	2015	7 monitores	Exposição															
E151		Mostra de Profissões UEM			PEN - UEM	Universidade Estadual de Maringá, Centro de Aplicação Pedagógica - CAP	Avenida Colombo, 5.790, Jardim Universitário	Maringá	Paraná	05/11/15	06/11/15	2015	PET-Matemática-UEM	Mostra de Objetos															
E152		13º. Fórum de Extensão			PEC - UEM	Universidade Estadual de Maringá, Departamento de Matemática, Bloco B-33	Avenida Colombo, 5.790, Jardim Universitário	Maringá	Paraná	17/11/15	18/11/15	2015	Iara Cristina Fragal e Mariane Vieira Merim	Pôster															
E153		13º. Fórum de Extensão			PEC - UEM	Universidade Estadual de Maringá, Departamento de Matemática, Bloco B-33	Avenida Colombo, 5.790, Jardim Universitário	Maringá	Paraná	17/11/15	18/11/15	2015	Higor Augusto Dias da Silva, Ferdinanda Brito Martinez, Franciele Cristina de Almeida, Lennon Gazola dos Santos e Paulo dos Santos	Pôster															
E154		Exposição de objetos para Olímpiadas			TIME -  DMA - UEM	Câmara de Vereadores	Avenida Papa João XXIII, 239, Zona 2	Maringá	Paraná	23/11/15	30/11/15	2015	12 monitores	Mostra de Objetos															
E155		Curso de Verão e XXV Semana da Matemática			PMA/DMA	Universidade Estadual de Maringá, Departamento de Matemática	Avenida Colombo, 5.790, Jardim Universitário	Maringá	Paraná	12/01/16	16/01/16	2016	4 monitores	Exposição															
E156		Curso de Extensão - Um Estudo das Cônicas através da Exposição MATEMATIVA			DMA - UEM	Universidade Estadual de Maringá, Departamento de Matemática	Avenida Colombo, 5.790, Jardim Universitário	Maringá	Paraná	14/05/16	09/07/16	2016	Patricia Vilar Vitor Salinas	Minicurso															
E157		PET na Praça			UNIPET - UEM	Shopping Cidade Maringá	Avenida Tuiuti, 710, Zona 37	Maringá	Paraná	25/05/16	26/06/16	2016	PET-Matemática-UEM	Mostra de Objetos															
E158		Oficinas de Matemática			DMA/NRE Maringá-PR	Colégio Gastão Vidigal	Rua Líbero Badaró, 252, Zona 7	Maringá	Paraná	07/08/16	07/08/16	2016	João Roberto Gerônimo	Oficina															
E159		Oficinas de Matemática			DMA/NRE Maringá-PR	Universidade Estadual de Maringá, Departamento de Matemática	Avenida Colombo, 5.790, Jardim Universitário	Maringá	Paraná	09/08/16	09/08/16	2016	João Roberto Gerônimo	Oficina															
E160		Exposição e Ciclo de Oficinas			DMA - UEM	Colégio Estadual Cyro Pereira de Camargo	Rua Manoel Abrantes Filho, 191, Centro	Iguaraçu	Paraná	30/08/16	30/08/16	2016	João Roberto Gerônimo	Exposição															
E161		Mostra de Profissões UEM			PEN - UEM	Universidade Estadual de Maringá, Centro de Aplicação Pedagógica - CAP	Avenida Colombo, 5.790, Jardim Universitário	Maringá	Paraná	22/09/16	23/09/16	2016	PET-Matemática-UEM	Mostra de Objetos															
E162		MUDI ITINERANTE			MUDI - UEM	Colégio Dirce de Aguiar Maia	Rua Senador Accioly Filho, 197, Vila Santa Izabel	Maringá	Paraná	10/10/16	10/10/16	2016	Patricia Vilar Vitor Salinas	Mostra de Objetos															
E163		PET nas Escolas			UNIPET - UEM	Colégio Estadual Alfredo Moisés Maluf	Rua Arlindo Marquezini, 654, Conjunto Habitacional Hermann Moraes de Barros	Maringá	Paraná	14/10/16	14/10/16	2016	PET-Matemática-UEM	Gincana															
E164		CIPEM			UTFPR - Campo Mourão	Universidade Tecnológica Federal do Paraná	Via Rosalina Maria dos Santos, 1233	Campo Mourão	Paraná	19/10/16	19/10/16	2016	João Roberto Gerônimo	Exposição															
E165		FICIÊNCIAS 2016			MUDI - UEM	Hotel Golden Park Internacional	Rua Almirante Barroso, 2006, Centro	Foz do Iguaçu	Paraná	08/11/16	11/11/16	2016	Patricia Vilar Vitor Salinas	Exposição															
E166		14º Fórum de Extensão			PEC - UEM	Universidade Estadual de Maringá, Departamento de Matemática, Bloco B-33	Avenida Colombo, 5.790, Jardim Universitário	Maringá	Paraná	02/12/16	03/12/16	2016	Higor Augusto Dias da Silva, Carlos Henrique Torres Simino Daniel Filipe Sanches Coelho  e Carlos Henrique Torres Simino	Pôster															
E167		14º Fórum de Extensão			PEC - UEM	Universidade Estadual de Maringá, Departamento de Matemática, Bloco B-33	Avenida Colombo, 5.790, Jardim Universitário	Maringá	Paraná	02/12/16	03/12/16	2016	Walker Mendes, Lennon Gazola dos Santos e Paulo dos Santos	Pôster															
E168		MUDI ITINERANTE			MUDI - UEM	Colegio Estadual do Campo José Marti	Assentamento 8 de Abril	Jardim Alegre	Paraná	06/07/17	07/07/17	2017	Walker Mendes e Matheus Barbosa Mercado	Mostra de Objetos															
E169		Cônicas em Exposição			DMA - UEM	Universidade Estadual de Maringá, Departamento de Matemática	Avenida Colombo, 5.790, Jardim Universitário	Maringá	Paraná	26/07/17	26/07/17	2017	Walmir Ruis Salinas Junior	Exposição															
E170		Seminários do PET - Matemática - UEM			PET - DMA - UEM	Universidade Estadual de Maringá, Departamento de Matemática	Avenida Colombo, 5.790, Jardim Universitário	Maringá	Paraná	02/08/17	02/08/17	2017	João Roberto Gerônimo	Palestra															
E171		XXVIII Semana da Matemática			DMA - UEM	Universidade Estadual de Maringá, Departamento de Matemática	Avenida Colombo, 5.790, Jardim Universitário	Maringá	Paraná	24/08/17	25/08/17	2017	João Roberto Gerônimo	Exposição															
E172		XXVIII Semana da Matemática			DMA - UEM	Universidade Estadual de Maringá, Departamento de Matemática	Avenida Colombo, 5.790, Jardim Universitário	Maringá	Paraná	23/08/17	23/08/17	2017	Walmir Ruis Salinas Junior	Pôster															
E173		I Feira de Matemática			CE Humbeto de Campos	Colégio Estadual Humberto de Campos	Rua Pedro Ortolani, 21, Centro	Atalaia	Paraná	24/08/17	24/08/17	2017	Júlio César Coelho	Mostra de Objetos															
E174		I Festival da Matemática			UTFPR - Cornélio Procópio	Universidade Tecnológica Federal do Paraná, Campus Cornélio Procópio,	Avenida Alberto Carazzai, 1640,  Centro	Cornélio Procópio	Paraná	30/08/17	31/08/17	2017	João Roberto Gerônimo	Exposição															
E175		11a. Mostra de Profissões UEM			PEN - UEM	Universidade Estadual de Maringá, Centro de Aplicação Pedagógica - CAP	Avenida Colombo, 5.790, Jardim Universitário	Maringá	Paraná	21/09/17	22/09/17	2017	Júlio César Coelho	Mostra de Objetos										15000	0	-	-	0	0
E176		Semana do Professor de Matemática			IMECC - UNICAMP	Universidade Estadual de  Campinas	Rua Sérgio Buarque de Holanda, 651, Cidade Universitária	Campinas	São Paulo	02/10/17	05/10/17	2017	João Roberto Gerônimo	Exposição										120	0	0	0	120	0
E177		Semana do Professor de Matemática			IMECC - UNICAMP	Universidade Estadual de  Campinas	Rua Sérgio Buarque de Holanda, 651, Cidade Universitária	Campinas	São Paulo	03/10/17	03/10/17	2017	João Roberto Gerônimo	Minicurso										35	0	0	0	35	0
E178		II Exposição e Ciclo de oficinas			DMA - UEM	Escola Estadual Juscelino Kubitschek de Oliveira	Avenida Dr. Luiz Teixeira Mendes, 3057, Zona 05	Maringá	Paraná	06/10/17	06/10/17	2017	João Roberto Gerônimo	Exposição															
E179		XV Fórum de Extensão			PEC - UEM	Universidade Estadual de Maringá, Departamento de Matemática, Bloco B-33	Avenida Colombo, 5.790, Jardim Universitário	Maringá	Paraná	09/10/17	10/10/17	2017	Walmir Ruis Salinas Junior	Pôster															
E180		Matemativa na Escola			DMA - UEM	Colégio Estadual Independência	Rua Duque de Caxias, 1410, Jardim Independencia	Sarandi	Paraná	10/10/17	10/10/17	2017	Júlio Cesar Coelho	Mostra de Objetos															
E181		Inventum 2017			UTFPR - Pato Branco	Parque de Exposições	Rua Benjamin Borges dos Santos, 460 Fraron	Pato Branco	Paraná	13/10/17	18/10/17	2017	Júlio César Coelho	Exposição															
E182		Matemativa na Escola			DMA - UEM	Colégio Adventista de Maringá	Rua Luiz Gama, 818, Zona 4	Maringá	Paraná	22/10/17	22/10/17	2017	Júlio César Coelho	Mostra de Objetos															
E183		Encontro do ProfMat			DMA  - ProfMat - UEM	Universidade Estadual de Maringá, Departamento de Matemática	Avenida Colombo, 5.790, Jardim Universitário	Maringá	Paraná	09/03/18	09/03/18	2018	João Roberto Gerônimo	Palestra															
E184		Encontro do ProfMat			DMA - ProfMat - UEM	Universidade Estadual de Maringá, Departamento de Matemática	Avenida Colombo, 5.790, Jardim Universitário	Maringá	Paraná	09/03/18	09/03/18	2018	Júlio César Coelho	Exposição															
E185		1º Encontro do TIME 2018			TIME -  DMA - UEM	Universidade Estadual de Maringá, Departamento de Matemática, Bloco E90	Avenida Colombo, 5.790, Jardim Universitário	Maringá	Paraná	10/03/18	10/03/18	2018	Júlio César Coelho	Exposição															
E186		Semana de Integração - DMA			DMA - UEM	Universidade Estadual de Maringá, Departamento de Matemática	Avenida Colombo, 5.790, Jardim Universitário	Maringá	Paraná	14/03/18	14/03/18	2018	Júlio César Coelho	Exposição															
E187		Matemática das Coisas - UNATI 			DMA - UEM	Universidade Estadual de Maringá, Departamento de Matemática	Avenida Colombo, 5.790, Jardim Universitário	Maringá	Paraná	20/03/18	20/03/18	2018	Júlio César Coelho	Exposição															
E188		Encontro do PNAIC			UEM	Universidade Estadual de Maringá, Departamento de Matemática	Avenida Colombo, 5.790, Jardim Universitário	Maringá	Paraná	12/04/18	12/04/18	2018	Júlio César Coelho	Exposição															
E189		Festival de Matemática			SESC - Maringá - PR	SESC - Maringá - PR	Avenida Colombo, 6.020	Maringá	Paraná	04/05/18	07/05/18	2018	Júlio César Coelho	Exposição															
E190		Matemativa na Escola			DMA - UEM	CEEBJA 	Avenida Antônio Volpato, 1488, Centro	Sarandi	Paraná	15/05/18	15/05/18	2018	Júlio César Coelho	Mostra de Objetos															
E191		MUDI ITINERANTE			MUDI - UEM	Colégio Estadual Marechal Arthur da Costa e Silva - Ensino Médio	Rua São Paulo, 341	Santa Fé	Paraná	24/05/18	25/05/18	2018	Júlio César Coelho	Mostra de Objetos															
E192		PET na Praça			UNIPET - UEM	Parque do Ingá	Avenida São Paulo, 172 - 509, Centro	Maringá	Paraná	01/07/18	01/07/18	2018	Júlio César Coelho	Mostra de Objetos															
E193		EAEX 2018			PEC - UEM	Universidade Estadual de Maringá, Departamento de Matemática, Bloco B-33	Avenida Colombo, 5.790, Jardim Universitário	Maringá	Paraná	09/08/18	09/08/18	2018	Júlio César Coelho	Pôster															
E194		Matemativa na Escola			DMA - UEM	Instituo Adventista do Paraná	Rua Gleba Paiçandu, 80	Ivatuba	Paraná	28/08/18	28/08/18	2018	Júlio César Coelho	Exposição															
E195		MUDI ITINERANTE			MUDI - UEM	Munhoz de Melo	Munhoz de Melo	Munhoz de Melo	Paraná	29/08/18	29/08/18	2018	Júlio César Coelho	Mostra de Objetos															
E196		Mostra de Profissões			PEN - UEM	Universidade Estadual de Maringá, Centro de Aplicação Pedagógica - CAP	Avenida Colombo, 5.790, Jardim Universitário	Maringá	Paraná	30/08/18	31/08/18	2018	Júlio César Coelho	Mostra de Objetos															
E197		MUDI ITINERANTE			MUDI - UEM	Ivaiporã	Ivaiporã	Ivaiporã	Paraná	26/09/18	27/09/18	2018	Júlio César Coelho	Mostra de Objetos															
E198		XXIX Semana da Matemática			DMA - UEM	Universidade Estadual de Maringá, Departamento de Matemática	Avenida Colombo, 5.790, Jardim Universitário	Maringá	Paraná	22/10/18	26/10/18	2018	Júlio César Coelho	Exposição															
E199		MUDI ITINERANTE			MUDI - UEM	São João do Ivaí	São João do Ivaí	São João do Ivaí	Paraná	24/10/18	25/10/18	2018	Júlio César Coelho	Mostra de Objetos															
E200		Matemativa na Escola			DMA - UEM	Escola Estadual Ipiranga Ensino Fundamental	Rua Campos Sales, 953, Zona 07	Maringá	Paraná	27/11/18	27/11/18	2018	Júlio César Coelho	Exposição															
E201		Matemativa na Escola			DMA - UEM	Universidade Estadual de Maringá, Centro de Aplicação Pedagógica - CAP	Avenida Colombo, 5.790, Jardim Universitário	Maringá	Paraná	11/03/19	12/03/19	2019	Eduardo de Amorim Neves	Exposição															
E202		Recepção do PROFMAT			DMA - UEM	Universidade Estadual de Maringá, Departamento de Matemática	Avenida Colombo, 5.790, Jardim Universitário	Maringá	Paraná	15/03/19	15/03/19	2019	Eduardo de Amorim Neves	Exposição															
E203		Gincana do TIME			DMA - UEM	Universidade Estadual de Maringá, Departamento de Matemática	Avenida Colombo, 5.790, Jardim Universitário	Maringá	Paraná	23/03/19	23/03/19	2019	Eduardo de Amorim Neves	Gincana															
E204		Exposição de Matemática			CIEEE	Universidade Estadual de Maringá, DACESE	Avenida Colombo, 5.790, Jardim Universitário	Maringá	Paraná	06/05/19	09/05/19	2019	Júlio César Coelho	Exposição										320			320		
E205		45º Expoingá			MUDI - UEM	Parque de Exposições Francisco Feio Ribeiro	Avenida Colombo, 2.186, Vila Morangueira	Maringá	Paraná	19/05/19	19/05/19	2019	Renato Ribeiro Guimarães	Mostra de Objetos															
E206		MUDI ITINERANTE			MUDI - UEM	Universidade Estadual de Maringá, Câmpus Regional de Goioerê	 Rua Reitor Zeferino Vaz, SN, Jardim Universitário	Goioerê	Paraná	11/06/19	12/06/19	2019	Renato Ribeiro Guimarães	Exposição															
E207		Matemativa na Escola			DMA - UEM	Colégio São Francisco de Assis	Rua Marechal Floriano, 959, Centro	Ivatuba	Paraná	18/06/19	18/06/19	2019	Júlio César Coelho	Exposição										320		320			
E208		MUDI ITINERANTE			MUDI - UEM	Parque do Japão	Rua Tulípa, 987, Parque Industrial	Maringá	Paraná	27/06/19	27/06/19	2019	Renato Ribeiro Guimarães	Mostra de Objetos															
E209		Matemativa na Escola			DMA - UEM	CEEBJA	Rua Rocha Loures, 392, Centro	Mandaguaçu	Paraná	08/08/19	09/08/19	2019	Renato Ribeiro Guimarães	Exposição															
E210		Gincana do TIME			DMA - UEM	Universidade Estadual de Maringá, Departamento de Matemática	Avenida Colombo, 5.790, Jardim Universitário	Maringá	Paraná	24/08/19	24/08/19	2019	Renato Ribeiro Guimarães	Gincana															
E211		EAEX 2019			PEC - UEM	Universidade Estadual de Maringá, Bloco B-33	Avenida Colombo, 5.790, Jardim Universitário	Maringá	Paraná	10/10/19	11/10/19	2019	Renato Ribeiro Guimarães	Comunicação															
E212		XXX Semana da Matemática			DMA - UEM	Universidade Estadual de Maringá, Departamento de Matemática	Avenida Colombo, 5.790, Jardim Universitário	Maringá	Paraná	28/10/19	01/11/19	2019	Renato Ribeiro Guimarães	Exposição															
E213		Encontro de Matemática 20 anos de PMA-UEM			DMA-UEM	Universidade Estadual de Maringá, Departamento de Matemática, Bloco F68	Avenida Colombo, 5.790, Jardim Universitário	Maringá	Paraná	03/02/20	05/02/20	2020	Eduardo de Amorim Neves	Exposição														60	
E214		EAEX 2020			PEC - UEM	Universidade Estadual de Maringá, Bloco B-33	Avenida Colombo, 5.790, Jardim Universitário	Maringá	Paraná	29/10/20	31/10/20	2020	Eduardo de Amorim Neves	Comunicação														20	
E215		EAEX 2021			PEC - UEM	Universidade Estadual de Maringá, Bloco B-34	Avenida Colombo, 5.790, Jardim Universitário	Maringá	Paraná	11/11/21	12/11/21	2021	Eduardo de Amorim Neves	Comunicação														20	
E216		XXXII Semana da Matemática			DMA - UEM	Universidade Estadual de Maringá, Departamento de Matemática	Avenida Colombo, 5.790, Jardim Universitário	Maringá	Paraná	04/04/22	08/04/22	2022	Eduardo de Amorim Neves	Exposição														200	
E217		48º Expoingá			MUDI - UEM	Parque de Exposições Francisco Feio Ribeiro	Avenida Colombo, 2.186, Vila Morangueira	Maringá	Paraná	05/05/22	15/05/22	2022	Valter Soares de Camargo	Mostra de Objetos															
E218		Matemativa na Escola			DMA - UEM	Escola Regina Mundi		Maringá	Paraná	05/06/22	05/06/22	2022	Bruna Prado	Exposição															
E219		PET na Praça			PET	Mercadão de Maringá	Av. Prudente de Morais, 601 - Zona 7	Maringá	Paraná	22/05/2022	22/05/2022	2022	Alexandre José Santana	Mostra de Objetos															
E220		Gincana do TIME			DMA-UEM	Universidade Estadual de Maringá	Avenida Colombo, 5.790, Jardim Universitário	Maringá	Paraná	02/07/22	02/07/22	2022	Eduardo de Amorim Neves	Gincana															
E221		MUDI ITINERANTE			MUDI - UEM	Colégo Estadual Jardim Independência	Av, R. Duque de Caxias, 1410 - Jardim Independencia	Sarandi	Paraná	09/08/2022	09/08/2022	2022	Eduardo de Amorim Neves	Exposição															
E222		PET na Escola			DMA - UEM	Colégio Estadual Instituto de Educação	R. Martin Afonso, 50 - Zona 01	Maringá	Paraná	23/08/2022	23/08/2022	2022	Alexandre José Santana	Mostra de Objetos															
E223		Oficina - TIME			TIME-UEM	Universidade Estadual de Maringá	Avenida Colombo, 5.790, Jardim Universitário	Maringá	Paraná	27/08/2022	27/08/2022	2022	Luana de Paula Goulart	Oficina															
E224		Mostra de Profissões UEM			PEC - UEM	Universidade Estadual de Maringá, Centro de Aplicação Pedagógica - CAP	Avenida Colombo, 5.790, Jardim Universitário	Maringá	Paraná	05/09/2022	06/09/2022	2022	Eduardo de Amorim Neves	Mostra de Objetos															
E225		EAEX 2022			PEC - UEM	Universidade Estadual de Maringá - Bloco B12	Avenida Colombo, 5.790, Jardim Universitário	Maringá	Paraná	29/09/2022	30/09/2022	2022	Lorena Fogaça	Apresentação Oral															
E226		Mostra de Profissões UNESPAR			UNESPAR - Campus de Paranavaí	Universidade Estadual do Paraná - Campus Paranavaí	Av. Gabriel Esperidião, S/N - Jd. Morumbi	Paranavaí	Paraná	29/09/2022	30/09/2022	2022	Valter Soares de Camargo	Mostra de Objetos															
E227		Mostra de Profissões Projeto Lins de Vasconcellos			PEC-UEM	Centro Espírita Lins Vasconcellos	Av. Franklin Roosevelt, 5485	Maringá	Paraná	29/09/2022	29/09/2022	2022	Cauã Maram	Mostra de Objetos															
E228		PET na Escola			PET 	Colégio Branca da Mota	Av. Tuiuti, 1197 - Vila Morangueira 	Maringá	Paraná	17/10/2022	17/10/2022	2022	Eduardo de Amorim Neves	Mostra de Objetos															
E229		Mostra de Profissões CCIM			CCIM	Colégio CCIM	Rua Santos Dummont, 204	Maringá	Paraná	28/10/2022	28/10/2022	2022	Eduardo de Amorim Neves	Mostra de Objetos															
E230		Uma noite no Museu			TIME	Universidade Estadual de Maringá, MUDI	Avenida Colombo, 5.790, Jardim Universitário	Maringá	Paraná	09/11/2022	09/11/2022	2022	Eduardo de Amorim Neves	Exposição															
E231		Curso de Matemática da UEM: O que temos e o que queremos?			DMA	Universidade Estadual de Maringá, Departamento de Matemática	Avenida Colombo, 5.790, Jardim Universitário	Maringá	Paraná	25/11/2022	25/11/2022	2022	Eduardo de Amorim Neves	Palestra															
E232		I SIMPET			PET	Universidade Estadual de Maringá, Departamento de Matemática, Bloco F68	Avenida Colombo, 5.790, Jardim Universitário	Maringá	Paraná	30/11/2022	01/12/2022	2022	Eduardo de Amorim Neves	Exposição															
E233		Matemática inclusiva			Matemativa	ANPACIN - UEM	Avenida Colombo, 5.790, Jardim Universitário	Maringá	Paraná	29/03/2023	29/03/2023	2023	Ariele	Exposição															
E234		World Creativity day			World Creativity day	Teatro Reviver Magó e Shopping Maringá Park	Praça Todos os Santos, s/n - Zona 2 Av. São Paulo, 1099 - Zona 01	Maringá	Paraná	20/04/2023	21/04/2023	2023	Eduardo de Amorim Neves	Exposição															
E235		49º Expoingá			MUDI - UEM	Parque de Exposições Francisco Feio Ribeiro	Avenida Colombo, 2.186, Vila Morangueira	Maringá	Paraná	05/05/2023	15/05/2023	2023	Eduardo de Amorim Neves	Mostra de Objetos															
E236		PET na Escola			PET	Colégio Estadual Vital Brasil	Rua Marechal Deodoro, 865, Zona 07 	Maringá	Paraná	20/06/2023	20/06/2023	2023	Irene Nakaoka	Mostra de Objetos															
E237		PET na Escola			PET	Colégio Estadual Adaile Maria Leite	Rua Armando Crippa, 735 - Jardim Liberdade	Maringá	Paraná	22/06/2023	22/06/2023	2023	Irene Nakaoka	Mostra de Objetos															
E238		PET na Escola			PET	Colégio Estadual Juscelino Kubitschek de Oliveira	Avenida Dr. Luiz Teixeira Mendes, 3057, Zona 05	Maringá	Paraná	23/06/2023	23/06/2023	2023	Irene Nakaoka	Mostra de Objetos															
E239		XXXIII Semana da Matemática			DMA	Universidade Estadual de Maringá, Departamento de Matemática	Avenida Colombo, 5.790, Jardim Universitário	Maringá	Paraná	31/07/2023	04/08/2023	2023	Eduardo de Amorim Neves	Exposição															
E240		MUDI ITINERANTE			MUDI - UEM			Mato Rico	Paraná	10/8/2023	11/08/2023	2023	Brizza e Enzo	Exposição															
E241		Mostra de Profissões			UNESPAR - Campus de Paranavaí	Universidade Estadual do Paraná - Campus Paranavaí	Av. Gabriel Esperidião, S/N - Jd. Morumbi	Paranavaí	Paraná	28/08/2023	29/08/2023	2023	Valter Soares de Camargo	Mostra de Objetos															
E242		MUDI ITINERANTE			MUDI - UEM	Colégio Estadual Jardim Universitário	Av, Rua Conceição Aparecida de Magalhães, 673 - Parque Alvamar II	Sarandi	Paraná	17/08/2023	18/08/2023	2023	Mikael	Exposição															
E243		Mostra de Profissões			Prefeitura de Maringá	Terminal Intermodal Urbano de Maringá	Avenida Horácio Raccanello, Novo Centro	Maringá	Paraná	13/09/2023	14/09/2023	2023	Eduardo de Amorim Neves	Mostra de Objetos															
E244		Mostra de Profissões			PEC - UEM	Universidade Estadual de Maringá, Centro de Aplicação Pedagógica - CAP	Avenida Colombo, 5.790, Jardim Universitário	Maringá	Paraná	18/09/2023	19/09/2023	2023	Eduardo de Amorim Neves	Mostra de Objetos															
E245		MUDI ITINERANTE			MUDI - UEM	Colégio Geração	Av. Mandacaru, 3244 - Parque das Laranjeiras	Astorga	Paraná	27/09/2023	28/09/2023	2023	Mikael	Exposição															
E246		6º EAEX 			PEC - UEM	Universidade Estadual de Maringá, Bloco B-34	Avenida Colombo, 5.790, Jardim Universitário	Maringá	Paraná	02/10/2023	5/10/2023	2023	Alunos do Projeto	Apresentação Oral															
E247		Mostra de Profissões			CCIM	Colégio Cristão Integrado de Maringá	R. Santos Dumont, 203 - Zona 03	Maringá	Paraná	19/10/2023	19/10/2023	2023	Eduardo de Amorim Neves	Palestra															
E248		Ciênciando			CCE - UEM	Shopping Cidade Maringá	Avenida Tuiuti, 710, Zona 37	Maringá	Paraná	28/10/2023	29/10/2023	2023	Eduardo de Amorim Neves	Mostra de Objetos															
E249		Paraná faz ciência			MUDI - UEM	Universidade Estadual de Londrina	Rodovia Celso Garcia Cid, PR 445, Km 380, Campus Universitário	Londrina	Paraná	07/11/2023	10/11/2023	2023	Mikael	Mostra de Objetos															
E250		Cerimônia Premiação OMAP			Núcleo Regional de Educação de Maringá - TIME	Universidade Estadual de Maringá, Departamento de Matemática	Avenida Colombo, 5.790, Jardim Universitário	Maringá	Paraná	22/11/2023	22/11/2023	2023	Eduardo de Amorim Neves	Mostra de Objetos															
E251		Matemática na Escola			LEM e Matemativa	Escola Municipal Padre Mateus Elias	Rua General Carneiro, 1047, Centro	Dr. Camargo	Paraná	24/11/2023	24/11/2023	2023	Eduardo de Amorim Neves	Mostra de Objetos															
E252		MUDI ITINERANTE			MUDI - UEM	Instituto Adventista do Paraná	Rua Gleba Paiçandu, 80	Ivatuba	Paraná	26/11/2023	26/11/2023	2023	Mikael	Mostra de Objetos															
E253		2º SIMPET			PET	Universidade Estadual de Maringá, Departamento de Matemática	Avenida Colombo, 5.790, Jardim Universitário	Maringá	Paraná	28/11/2023	30/11/2023	2023	Eduardo de Amorim Neves	Exposição															
E254		Prefeitura nos Bairros			PMM e MUDI	Centro Esportivo José Geraldo da Costa Moreira	Rua Mato Grosso esq.com, Alameda Dr. João Paulino, s/n, Jardim Alvorada	Maringá	Paraná	24/02/2024	24/02/2024	2024	Eduardo de Amorim Neves	Mostra de Objetos															
E255		Prefeitura nos Bairros			PMM e MUDI	Vila Santa Isabel	Rua Sen. Accioly Filho, 173, Vila Isabel	Maringá	Paraná	09/03/2024	09/03/2024	2024	Eduardo de Amorim Neves	Mostra de Objetos															
E256		Prefeitura nos Bairros			PMM e MUDI	Praça da Glória	Praça da Glória, Jardim da Glória	Maringá	Paraná	23/03/2024	23/03/2024	2024	Eduardo de Amorim Neves	Mostra de Objetos															
E257		Prefeitura nos Bairros			PMM e MUDI	Jardim Ebenezer (ao lado do CRAS - Santa Clara)	Rua Foz do Areia, 813, Jardim Ebenezer	Maringá	Paraná	13/04/24	13/04/24	2024	Eduardo de Amorim Neves	Mostra de Objetos															
E258		Prefeitura nos Bairros			PML e MUDI	Praça Monteiro Lobato	Praça Monteiro Lobato	Lobato	Paraná	27/04/24	27/04/24	2024	Eduardo de Amorim Neves	Mostra de Objetos		link-reportagem													
E259		Prefeitura nos Bairros			PMM e MUDI	Em frente ao UBS - Guaiapó/Requião	Rua Libertador San Martin, 1096, Conjunto Requião	Maringá	Paraná	27/04/24	27/04/24	2024	Pedro Henrique	Mostra de Objetos															
E260		I exploração do Universo Matemático no Mater Dei			Mater Dei	Colégio Mater Dei	Av das Palmeiras, 461	Maringá	Paraná	30/04/2024	30/04/2024	2024	Eduardo de Amorim Neves	Gincana															
E261		Expoingá			MUDI - UEM	Expoingá	Avenida Colombo, 5.790, Jardim Universitário	Maringá	Paraná	09/05/2024	19/05/2024	2024	Eduardo de Amorim Neves	Mostra de Objetos															
E262		Prefeitura nos Bairros			PMM e MUDI	Terminal Intermodal Urbano de Maringá	Avenida Horácio Raccanello, Novo Centro	Maringá	Paraná	19/06/2024	22/06/2024	2024	Eduardo de Amorim Neves	Mostra de Objetos		link-reportagem													
E263		MUDI ITINERANTE			MUDI - UEM	Parque de exposição		Umuarama	Paraná	24/06/2024	28/06/2024	2024	Mikael e Brizza	Mostra de Objetos		link-reportagem													
E264		II Festival da criança e do adolecente			Ciênciando	Parque do Ingá	Avenida São Paulo	Maringá	Paraná	30/06/2024	30/06/2024	2024	Eduardo de Amorim Neves	Mostra de Objetos															
E265		Mudi ITINERANTE			MUDI - UEM	Escola Estadual Elvira Balani		Maringá	Paraná	02/07/2024	03/07/2024	2024	Mikael	Mostra de Objetos															
E266		PET nas Escolas			PET	Colégio Estadual Gastão Vidigal		Maringá	Paraná	04/07/2024	04/07/2024	2024	Irene Nakaoka	Mostra de Objetos															
E267		Oficina TIME - Teorema de Pitágoras			TIME -UEM	Universidade Estadual de Maringá, Departamento de Matemática	Avenida Colombo, 5.790, Jardim Universitário	Maringá	Paraná	06/07/2024	06/07/2024	2024	Luiz Otávio	Oficina															
E268		Cianorte Festival			Prefeitura de Cianorte	Parque de exposição		Cianorte	Paraná	20/07/2024	22/07/2024	2024	Eduardo de Amorim Neves	Mostra de Objetos		link-reportagem													
E269		10º Bienal			SBM	UFSCAR		São Carlos	São Paulo	29/07/2024	02/08/2025	2024	Thiago Samuel	Pôster															
E270		PNB			PMM e MUDI	Jardim Itaipu		Maringá	Paraná	03/08/2024	03/08/2024	2024	Eduardo de Amorim Neves	Mostra de Objetos															
E271		PET na Praça			PET	Parque do Ingá		Maringá	Paraná	04/08/2024	04/08/2024	2024	Irene Nakaoka	Mostra de Objetos															
E273		Gincana TIME 			TIME -UEM	Universidade Estadual de Maringá, Departamento de Matemática	Avenida Colombo, 5.790, Jardim Universitário	Maringá	Paraná	17/08/2024	17/08/2024	2024	Luiz Otávio	Gincana															
E274		Prefeitura 			Mostra de Profissões	Terminal Intermodal Urbano de Maringá		Maringá	Paraná	17/09/24	18/09/24	2024	Eduardo de Amorim Neves	Mostra de Objetos															
E275		Mulheres na matematica			SBM	UEM Bloco E90	Avenida Colombo, 5.790, Jardim Universitário	Maringá	Paraná	02/10/2024	06/10/2024	2024	Eduardo de Amorim Neves	Exposição															
																													
E276		SETI			Paraná Faz Ciência	Universidade Estadual de Maringá, Departamento de Matemática	Avenida Colombo, 5.790, Jardim Universitário	Maringá	Paraná	07/10/2024	11/10/2024	2024	Eduardo de Amorim Neves	Exposição															
E277		EAEX			UEM	UEM PEC/DEX	Avenida Colombo, 5.790, Jardim Universitário	Maringá	Paraná	07/10/2024	11/10/2024	2024	Mikael	Apresentação Oral															
E278		III SIMPET			PET	Universidade Estadual de Maringá, Departamento de Matemática	Avenida Colombo, 5.790, Jardim Universitário	Maringá	Paraná	07/10/2024	08/10/2024	2024	Eduardo de Amorim Neves	Apresentação Oral															
E279		Mostra de Profissões UEM			PEC/UEM			Maringá	Paraná	10/10/2024	11/10/2024	2024	Eduardo de Amorim Neves	Mostra de Objetos															
E280		Mudi ITINERANTE			EXPO VALE DO IVAÍ			Ivaiporã	Paraná	14/11/2024	19/11/2024	2024	Mikael e Eduardo de Amorim Neves	Exposição															
E281		Festival da criança e adolecente			PMM	Parque Alfredo Nyffeler		Maringá	Paraná	15/12/2024	15/12/2024	2024	Eduardo de Amorim Neves	Mostra de Objetos															
E282		Mudi ITINERANTE			Prefeitura de Umuarama			Umuarama	Paraná	13/03/2025	23/03/2025	2025	Eduardo de Amorim Neves	Exposição															
E283		Maringá + Cidadania			PMM	Parque Itaipu		Maringá	Paraná	16/03/2025	16/03/2025	2025	Eduardo de Amorim Neves	Mostra de Objetos		https://www.maringa.pr.gov.br/noticia/40160	https://noticias.uem.br/index.php?option=com_content&view=article&id=29966:parceria-da-uem-com-a-prefeitura-de-maringa-promove-servicos-de-cidadania&catid=986&Itemid=211												
E284		Maringá + Cidadania			PMM	Jardim Alvorada		Maringá	Paraná	13/04/02025	13/04/2025	2025	Eduardo de Amorim Neves	Mostra de Objetos															
E285		ERMAC			DMA	Universidade Estadual de Maringá, Departamento de Matemática		Maringá	Paraná	05/05/2025	05/05/2025	2025	Eduardo de Amorim Neves	Exposição															
E286		35º SEMAT			DMA	Universidade Estadual de Maringá, Departamento de Matemática		Maringá	Paraná	06/05/2025	08/05/2025	2025	Eduardo de Amorim Neves	Exposição															
E287		Expoingá			 Sociedade Rural	Parque de exposições		Maringá	Paraná	08/05/2025	18/05/2025	2025	Eduardo de Amorim Neves	Exposição		https://sites.google.com/uem.br/kit/kit-not%C3%ADcias/cult17_2025													
E288		Gincana na Escola			Prefeitura de Nova Esperancá	Escola Monteiro Costa		Nova Esperança	Paraná	17/06/2025	17/06/2025	2025	Eduardo de Amorim Neves	Gincana															
E289		Mudi Itinerante						São João do Ivaí	Paraná	02/07/2025	04/07/2025	2025	Mikael 	Exposição															
E290		Saúde nos Bairros			Secretaria de saúde de Dr. Camargo	Praça 		Dr. Camargo	Paraná	05/07/2025	05/07/2025	2025	Eduardo de Amorim Neves	Mostra de Objetos															
E291		Maringá + Cidadania			PMM			Maringá	Paraná	06/07/2025	06/07/2025	2025	Cesar Adolfo Hernandez	Mostra de Objetos															
E292		Cianorte Festival			Prefeitura de Cianorte			Cianorte	Paraná	18/07/2025	28/07/2025	2025	Eduardo de Amorim Neves	Mostra de Objetos															
E293		Gincana TIME			TIME	UEM		Maringá	Paraná	02/08/2025	02/08/2025	2025	Luiz Otávio	Gincana															
E294		Expo Goioerê			UEM			Goioerê	Paraná	08/08/2025	10/08/2025	2025	Washington	Mostra de Objetos															
E295		Escola Mudi			MUDI			Maringá	Paraná	26/08/2025	26/08/2025	2025	Mikael	Exposição															
E296		Colégio Unidade Polo			PIBID Matemática			Maringá	Paraná	27/08/2025	27/08/2025	2025	Eduardo de Amorim Neves	Gincana															
E297		Colégio Rodrigues Alves			PET Matemática			Maringá	Paraná	29/08/2025	29/08/2025	2025	Pedro Ricardo	Mostra de Objetos															
E298		Colégio Estadual Adaile			PIBID Matemática			Maringá	Paraná	11/09/2025	11/09/2025	2025	Eduardo de Amorim Neves	Gincana															
E299		Mostra de Profissões UEM 			PEN			Cidade Gaúcha	Paraná	11/09/2025	11/09/2025	2025	Mikael	Mostra de Objetos															
E300		Mostra de Profissões Colégio Instituto de Educação			Instituto de Educação			Maringá	Paraná	16/09/2025	16/09/2025	2025	Guilherme	Mostra de Objetos															
E301		Oficina no Instituto de Educação de Maringá			Instituto de Educação			Maringá	Paraná	19/09/2026	19/09/2026	2025	Brizza	Oficina															
E302		Feira de Ciência em Ivatuba		https://photos.app.goo.gl/yQ9F2MTjEE2b2dB38	Secretaria de Educação de Ivatuba	Parque dos Pioneiros	Rua Vinte e Um de Abril, 205-333	Ivatuba	Paraná	20/09/2025	20/09/2025	2025	Eduardo de Amorim Neves, Mikael e Arthur	Mostra de Objetos	Comunidade Externa	https://ivatuba.pr.gov.br/index.php?sessao=6470b12c38sv64&id=1579													
E303		Gincana Colégio Maluf			PIBID Matemática			Maringá	Paraná	24/09/2025	24/09/2025	2025	Eduardo de Amorim Neves	Exposição															
E304		Encontro dos PET Matemática			PET Matemática			Maringá	Paraná	26/09/2025	26/09/2025	2025	Eduardo de Amorim Neves	Gincana															
E305		Jogos no Time			TIME UEM			Maringá	Paraná	27/09/2026	27/09/2027	2025	Beatriz Saraiva	Oficina															
E306		Paraná Faz Ciência			PEC			Guarapuava	Paraná	29/09/2025	03/10/2025	2025	Mikael 	Mostra de Objetos															
E307		Inova Week Maringá			UNATI			Maringá	Paraná	02/10/2025	02/10/2025	2025	Leandro	Oficina															
E308		Exposição Guiada Escola Dr. Manoel Firmino de Almeida. St Inácio			Escola Dr. Manoel Firmino de Almeida. St Inácio			Maringá	Paraná	16/10/2025	16/10/2025	2025	Eduardo de Amorim Neves	Exposição															
E309		Oficina com Material Dourado			LEM			Maringá	Paraná	17/10/2025	17/10/2025	2025	Sandra Regina D'Antônio	Oficina															
E310		Colégio Estadual JK			PIBID Matemática			Maringá	Paraná			2025	Eduardo de Amorim Neves	Gincana															
E311		Visita Técnica UENP			UENP			Maringá	Paraná	07/11/2025	07/11/2025	2025	Eduardo de Amorim Neves	Apresentação Oral															
E312		EAEX 2025			PEC			Maringá	Paraná	10/11/2025	11/11/2025	2025	Eduardo de Amorim Neves	Apresentação Oral															
E313		Mostra de Profissões UEM			PEN			Maringá	Paraná	10/11/2025	11/11/2025	2025	Eduardo de Amorim Neves	Mostra de Objetos															
E314		Dia da Consciência Negra					Praça Zumbi dos Palmares	Maringá	Paraná	20/11/2025	20/11/2025	2025	Eduardo de Amorim Neves	Mostra de Objetos															
E315		Workshop de Teoria de Lie			PMA			Maringá	Paraná	24/11/2025	28/11/2025	2025	Eduardo de Amorim Neves	Exposição															
E316		Visita Técnica UNESPAR Paranavaí			UNESPAR			Maringá	Paraná	12/03/2025	12/03/2025	2025	Sergio	Exposição															
E317		Encntro Nacional de Popularização da Matemática			SBM			Campinas	São Paulo	03/12/2025	05/12/2025	2025	Eduardo de Amorim Neves	Apresentação Oral															
E318		Verão Maior Paraná			PEC - UEM			Paranaguá	Paraná	26/12/2025	05/01/2026	2025	Ana Vitória	Mostra de Objetos															
EM01		Exposição Temporária			MUDI-UEM	Universidade Estadual de Maringá, Museu Dinâmico Interdisciplinar	Avenida Colombo, 5.790, Jardim Universitário	Maringá	Paraná	15/05/2010	04/03/2010	2010	João Roberto Gerônimo	Exposição															